Test Article,Rat Plasma Protein Conc, RT (min),, RT (min),,,,Peak Area Ratio,,Peak Area Ratio,,,,Final Corrected Concentration,,Final Corrected Concentration,,,,% Free Fraction,,,% Bound,,,%RECOVERY,,,Comments
,,Plasma T0 Rep 1,Plasma T0 Rep 2,PBS Rep 1,PBS Rep 2,Plasma Rep 1,Plasma Rep 2,Plasma T0 Rep 1,Plasma T0 Rep 2,PBS Rep 1,PBS Rep 2,Plasma Rep 1,Plasma Rep 2,Plasma T0 Rep 1,Plasma T0 Rep 2,PBS Rep 1,PBS Rep 2,Plasma Rep 1,Plasma Rep 2,Rep 1,Rep 2,Average,Rep 1,Rep 2,Average,Rep 1,Rep 2,Average,
EPA18561_1188389,10%,0.99,0.99,0.99,0.99,0.99,0.99,0.098,0.107,0.0209,0.0218,0.091,0.101,2.78,3.02,0.385,0.402,2.58,2.87,14.90%,14.00%,14.45%,85.10%,86.00%,85.55%,100,100,100,
EPA18561_1188389,30%,0.99,0.99,0.99,0.99,0.99,0.99,0.0997,0.111,0.0148,0.015,0.102,0.115,2.9,3.29,0.334,0.338,2.98,3.46,11.20%,9.79%,10.50%,88.80%,90.21%,89.51%,100,100,100,
EPA18561_1188389,100%,1.40,1.41,1.40,1.41,1.41,1.41,0.00367,0.00383,0.000211,0.000178,0.00357,0.00355,3.33,3.47,0.181,0.152,3.25,3.24,5.56%,4.69%,5.13%,94.44%,95.31%,94.88%,100,100,100,
EPA18561_1188394,10%,0.96,0.97,0.97,0.97,0.97,0.97,0.0332,0.0351,0.00671,0.00888,0.0164,0.0171,2.71,2.87,0.489,0.653,1.29,1.35,37.90%,48.50%,43.20%,62.10%,51.50%,56.80%,77.7,84.9,81.3,
EPA18561_1188394,30%,0.97,0.97,0.97,0.97,0.97,0.97,0.0174,0.0184,0.00323,0.00308,0.00827,0.0113,2.9,3.11,0.514,0.488,1.27,1.8,40.40%,27.20%,33.80%,59.60%,72.80%,66.20%,73.4,84,78.7,
EPA18561_1188394,100%,0.96,0.97,0.96,0.97,0.96,0.97,0.0404,0.0401,0.00389,0.00461,0.0224,0.0223,3.34,3.32,0.313,0.371,1.89,1.88,16.60%,19.80%,18.20%,83.40%,80.20%,81.80%,72.3,75.2,73.8,
EPA18561_1188403,10%,1.96,1.96,1.96,1.96,1.96,1.96,1.742,1.911,0.016,0.026,1.686,1.736,8.709,9.555,0.033,0.051,8.431,8.682,0.40%,0.60%,0.50%,99.60%,99.40%,99.50%,97.4,91.8,94.6,
EPA18561_1188403,30%,1.96,1.96,NA,1.97,1.95,1.96,2.277,2.139,0,0.001,1.951,2.061,11.384,10.697,0,0.002,9.755,10.303,0.00%,0.00%,0.00%,100.00%,100.00%,100.00%,85.7,96.4,91,
EPA18561_1188403,100%,1.95,1.96,1.96,1.94,1.96,1.95,2.598,2.274,0.001,0.001,1.415,2.2,12.988,11.368,0.003,0.003,7.076,11.002,0.00%,0.00%,0.00%,100.00%,100.00%,100.00%,54.5,96.8,75.7,
EPA18561_1205259,10%,1.50,1.49,1.49,1.49,1.49,1.49,1.31,1.32,0.4,0.305,0.749,0.807,3.55,3.58,0.943,0.715,1.93,2.09,49.00%,34.20%,41.60%,51.00%,65.80%,58.40%,98.6,91.7,95.2,
EPA18561_1205259,30%,1.49,1.49,1.49,1.49,1.49,1.49,1.08,1.12,0.265,0.291,0.787,0.723,3.5,3.68,0.797,0.876,2.36,2.14,33.70%,40.90%,37.30%,66.30%,59.10%,62.70%,105,97.8,102,
EPA18561_1205259,100%,1.49,1.49,1.48,1.49,1.49,1.49,1.25,1.18,0.162,0.163,1.2,1.17,3.03,2.85,0.378,0.38,2.91,2.83,13.00%,13.50%,13.25%,87.00%,86.50%,86.75%,100,100,100,
EPA18561_1274235,10%,0.67,0.67,0.67,0.67,0.67,0.67,0.662,0.672,0.14,0.16,0.235,0.262,3.23,3.28,0.631,0.723,1.07,1.2,58.90%,60.40%,59.65%,41.10%,39.60%,40.35%,65.8,73.2,69.5,
EPA18561_1274235,30%,0.67,0.67,0.67,0.67,0.67,0.67,0.964,0.871,0.199,0.256,0.367,0.377,3.97,3.51,0.715,0.928,1.34,1.38,53.40%,67.30%,60.35%,46.60%,32.70%,39.65%,63.7,83.4,73.6,
EPA18561_1274235,100%,0.67,0.67,0.67,0.67,0.67,0.67,0.758,0.759,0.116,0.142,0.341,0.307,3.37,3.38,0.468,0.574,1.45,1.31,32.20%,43.90%,38.05%,67.80%,56.10%,61.95%,66.2,66.9,66.5,
EPA18561_374030,10%,2.11,2.11,2.11,2.12,2.11,2.11,0.0173,0.016,0.00107,0.00156,0.0167,0.018,3.72,3.4,0.196,0.318,3.56,3.87,5.49%,8.23%,6.86%,94.51%,91.77%,93.14%,100,100,100,
EPA18561_374030,30%,2.12,2.12,2.11,2.10,2.12,2.12,0.0159,0.0159,0.0016,0.00137,0.0179,0.0182,3.34,3.32,0.556,0.333,3.76,3.85,14.80%,8.65%,11.73%,85.20%,91.35%,88.28%,100,100,100,
EPA18561_374030,100%,2.10,2.11,2.10,2.13,2.11,2.10,0.0161,0.0187,0.000331,0.000288,0.0102,0.0148,3.79,4.54,0.0543,0.0389,2.22,3.42,2.44%,1.14%,1.79%,97.56%,98.86%,98.21%,61.1,76.6,68.9,
EPA18561_575483,10%,0.86,0.86,0.86,0.86,0.86,0.86,0.0342,0.0371,0.00545,0.00639,0.0208,0.0209,3.16,3.49,0.482,0.568,1.82,1.83,26.60%,31.10%,28.85%,73.40%,68.90%,71.15%,82.8,79.6,81.2,
EPA18561_575483,30%,0.86,0.86,0.86,0.86,0.86,0.86,0.0432,0.0465,0.00436,0.00528,0.0342,0.0335,3.71,4.03,0.308,0.381,2.84,2.78,10.80%,13.70%,12.25%,89.20%,86.30%,87.75%,90.6,84.8,87.7,
EPA18561_575483,100%,0.86,0.86,0.85,0.86,0.86,0.86,0.024,0.0246,0.00154,0.00143,0.0356,0.0357,2.21,2.27,0.114,0.105,3.47,3.49,3.28%,3.01%,3.15%,96.72%,96.99%,96.86%,100,100,100,
EPA18561_575485,10%,1.01,1.01,1.01,1.01,1.01,1.01,0.592,0.701,0.000843,0.00097,0.771,0.717,2.93,3.58,0.025,0.026,4.03,3.69,0.62%,0.71%,0.66%,99.38%,99.29%,99.34%,100,100,100,
EPA18561_575485,30%,1.02,1.02,1.03,1.02,1.02,1.02,0.56,0.535,0.000182,0.000191,0.609,0.56,4.31,4.07,0.0163,0.0164,4.83,4.32,0.34%,0.38%,0.36%,99.66%,99.62%,99.64%,100,100,100,
EPA18561_575485,100%,1.02,1.02,1.02,1.02,1.02,1.01,0.26,0.256,0.000105,0.0000397,0.497,0.457,1.79,1.77,0.0254,0.0248,3.49,3.2,0.73%,0.77%,0.75%,99.27%,99.23%,99.25%,100,100,100,
EPA18561_575488,10%,ND,ND,ND,ND,ND,ND,ND,ND,ND,ND,ND,ND,ND,ND,ND,ND,ND,ND,ND,ND,ND,ND,ND,ND,ND,ND,ND,"poor recovery likely due to plasma instability, data not calculable, plasma initial sample much lower than expected"
EPA18561_575488,30%,ND,ND,ND,ND,ND,ND,ND,ND,ND,ND,ND,ND,ND,ND,ND,ND,ND,ND,ND,ND,ND,ND,ND,ND,ND,ND,ND,"poor recovery likely due to plasma instability, data not calculable, plasma initial sample much lower than expected"
EPA18561_575488,100%,ND,ND,ND,ND,ND,ND,ND,ND,ND,ND,ND,ND,ND,ND,ND,ND,ND,ND,ND,ND,ND,ND,ND,ND,ND,ND,ND,"poor recovery likely due to plasma instability, data not calculable, plasma initial sample much lower than expected"
EPA18561_575490,10%,1.06,1.05,1.06,1.06,1.06,1.06,0.00273,0.00296,0.000695,0.000668,0.000981,0.00122,3.12,3.41,0.591,0.563,1.01,1.3,58.30%,43.40%,50.85%,41.70%,56.60%,49.15%,64.1,65.5,64.8,
EPA18561_575490,30%,0.87,0.87,0.87,0.87,0.87,0.87,0.00244,0.00264,0.000301,0.000308,0.000898,0.000671,2.23,2.43,0.193,0.2,0.787,0.589,24.60%,33.90%,29.25%,75.40%,66.10%,70.75%,49.7,37.8,43.8,
EPA18561_575490,100%,1.05,1.05,1.05,1.05,1.05,1.05,0.00236,0.00243,0.000207,0.000269,0.000723,0.000727,2.23,2.3,0.0811,0.125,0.59,0.594,13.70%,21.10%,17.40%,86.30%,78.90%,82.60%,32.6,34.9,33.7,"poor recovery likely due to plasma instability, data may not be accurate"
EPA18561_575538,10%,1.64,1.64,1.66,1.64,1.64,1.64,0.304,0.306,0.00014,0.000039,0.27,0.287,3.35,3.37,0.0132,0.0122,2.94,3.14,0.45%,0.39%,0.42%,99.55%,99.61%,99.58%,88.3,93.6,90.9,
EPA18561_575538,30%,1.62,1.62,1.65,1.65,1.62,1.62,0.209,0.19,0.0000468,0.000166,0.199,0.189,3.53,3.18,0.016,0.0178,3.34,3.16,0.48%,0.56%,0.52%,99.52%,99.44%,99.48%,95.5,100,97.9,
EPA18561_575538,100%,1.64,1.64,ND,ND,1.64,1.65,0.212,0.214,ND,ND,0.235,0.231,2.69,2.73,0.0000829,0.0000829,3.01,2.96,0.00%,0.00%,0.00%,100.00%,100.00%,100.00%,100,100,100,
EPA18561_575542,10%,0.69,0.69,0.69,0.69,0.69,0.69,6.23,5.99,1.24,1.18,3.67,3.72,4.18,4.01,0.741,0.871,2.42,2.45,30.60%,35.50%,33.05%,69.40%,64.50%,66.95%,87.5,97.4,92.5,
EPA18561_575542,30%,0.66,0.67,0.67,0.67,0.66,0.67,2.95,3.07,0.0478,0.0484,2.51,2.29,3.2,3.35,0.0439,0.0446,2.67,2.42,1.65%,1.84%,1.75%,98.35%,98.16%,98.26%,85.7,74.6,80.2,
EPA18561_575542,100%,0.69,0.69,0.69,0.69,0.69,0.69,4.97,5.08,0.215,0.201,5.82,5.7,2.77,2.83,0.104,0.0974,3.29,3.21,3.16%,3.03%,3.10%,96.84%,96.97%,96.91%,100,100,100,
EPA18561_575545,10%,0.95,0.95,0.95,0.95,0.95,0.95,0.259,0.277,0.0141,0.0164,0.214,0.228,3.05,3.29,0.165,0.192,2.46,2.64,6.70%,7.30%,7.00%,93.30%,92.70%,93.00%,89.5,89.8,89.7,
EPA18561_575545,30%,0.95,0.95,0.95,0.95,0.95,0.95,0.202,0.19,0.00632,0.00951,0.211,0.2,2.87,2.67,0.0935,0.14,3.02,2.84,3.09%,4.94%,4.02%,96.91%,95.06%,95.99%,100,100,100,
EPA18561_575545,100%,0.95,0.95,0.94,0.95,0.95,0.95,0.15,0.15,0.00239,0.00191,0.227,0.223,1.98,1.97,0.0294,0.0228,3.05,3,0.96%,0.76%,0.86%,99.04%,99.24%,99.14%,100,100,100,
EPA18561_575546,10%,ND,ND,ND,ND,ND,ND,ND,ND,ND,ND,ND,ND,ND,ND,ND,ND,ND,ND,ND,ND,ND,ND,ND,ND,ND,ND,ND,Compound can not be detected due to poor sensitivity.
EPA18561_575546,30%,ND,ND,ND,ND,ND,ND,ND,ND,ND,ND,ND,ND,ND,ND,ND,ND,ND,ND,ND,ND,ND,ND,ND,ND,ND,ND,ND,Compound can not be detected due to poor sensitivity.
EPA18561_575546,100%,ND,ND,ND,ND,ND,ND,ND,ND,ND,ND,ND,ND,ND,ND,ND,ND,ND,ND,ND,ND,ND,ND,ND,ND,ND,ND,ND,Compound can not be detected due to poor sensitivity.
EPA18561_575548,10%,0.89,0.89,0.89,0.90,0.90,0.90,0.177,0.192,0.00322,0.00505,0.154,0.153,3.1,3.39,0.109,0.165,2.66,2.64,4.09%,6.24%,5.17%,95.91%,93.76%,94.84%,91.8,85.9,88.8,
EPA18561_575548,30%,0.90,0.90,1.19,0.96,0.91,0.91,0.159,0.17,0.00551,0.00668,0.188,0.18,2.85,3.08,0.238,0.281,3.44,3.27,6.92%,8.61%,7.77%,93.08%,91.39%,92.24%,100,100,100,
EPA18561_575548,100%,0.90,0.90,0.90,0.90,0.90,0.90,0.168,0.18,0.00105,0.00115,0.227,0.258,2.28,2.46,0.0468,0.0501,3.15,3.62,1.48%,1.38%,1.43%,98.52%,98.62%,98.57%,100,100,100,
EPA18561_575553,10%,1.64,1.65,1.64,1.64,1.65,1.65,0.0847,0.0852,0,0.00253,0.0831,0.0835,3.47,3.49,0,0,3.39,3.41,0.00%,0.00%,0.00%,100.00%,100.00%,100.00%,84.7,90,87.3,
EPA18561_575553,30%,1.63,1.63,1.63,1.61,1.63,1.63,0.0781,0.0858,0.00777,0.00701,0.0657,0.0761,3.69,4.05,0.391,0.356,3.12,3.6,12.50%,9.90%,11.20%,87.50%,90.10%,88.80%,102,103,103,
EPA18561_575553,100%,1.62,1.62,1.63,1.63,1.62,1.61,0.00224,0.00217,0.000092,0.0000626,0.00237,0.00199,3.76,3.61,0.0221,0,4.04,3.25,0.55%,0.00%,0.27%,99.45%,100.00%,99.73%,108,88.2,98.2,
EPA18561_575554,10%,ND,ND,ND,ND,ND,ND,ND,ND,ND,ND,ND,ND,ND,ND,ND,ND,ND,ND,ND,ND,ND,ND,ND,ND,ND,ND,ND,Compound can not be detected due to poor sensitivity.
EPA18561_575554,30%,ND,ND,ND,ND,ND,ND,ND,ND,ND,ND,ND,ND,ND,ND,ND,ND,ND,ND,ND,ND,ND,ND,ND,ND,ND,ND,ND,Compound can not be detected due to poor sensitivity.
EPA18561_575554,100%,ND,ND,ND,ND,ND,ND,ND,ND,ND,ND,ND,ND,ND,ND,ND,ND,ND,ND,ND,ND,ND,ND,ND,ND,ND,ND,ND,Compound can not be detected due to poor sensitivity.
EPA18561_575555,10%,1.58,1.58,1.58,1.56,1.58,1.58,0.00117,0.00106,0.0000132,0.00000964,0.00101,0.00101,4.04,3.59,0.0201,0.00734,3.38,3.4,0.59%,0.22%,0.41%,99.41%,99.78%,99.60%,84.6,95.2,89.9,
EPA18561_575555,30%,1.62,1.62,1.61,1.61,1.62,1.61,0.0558,0.0579,0.000469,0.000667,0.0546,0.0552,3.58,3.75,0,0.0124,3.48,3.54,0.00%,0.35%,0.17%,100.00%,99.65%,99.83%,97.2,94.9,96,
EPA18561_575555,100%,1.63,1.63,1.65,1.64,1.63,1.63,0.00155,0.00169,0.00000847,0.0000222,0.00162,0.00155,7.09,8.71,0,0.044,7.81,7.08,0.00%,0.62%,0.31%,100.00%,99.38%,99.69%,110,82.1,95.9,
EPA18561_575563,10%,1.45,1.39,1.45,1.45,1.46,1.45,0.057,0.063,0.047,0.051,0.049,0.06,0.218,0.247,0.067,0.075,0.177,0.232,37.80%,32.20%,35.00%,62.20%,67.80%,65.00%,100,100,100,
EPA18561_575563,30%,1.45,1.45,1.45,1.45,1.45,1.45,0.035,0.042,0.024,0.019,0.047,0.05,0.127,0.16,0.028,0.017,0.183,0.197,15.10%,8.60%,11.90%,84.90%,91.40%,88.10%,100,100,100,
EPA18561_575563,100%,1.45,1.44,1.49,1.47,1.45,1.45,0.06,0.078,0.03,0.024,0.046,0.061,0.234,0.327,0.035,0.022,0.166,0.24,20.90%,9.20%,15.10%,79.10%,90.80%,84.90%,95.3,84.4,89.9,
EPA18561_575565,10%,ND,ND,ND,ND,ND,ND,ND,ND,ND,ND,ND,ND,ND,ND,ND,ND,ND,ND,ND,ND,ND,ND,ND,ND,ND,ND,ND,Compound can not be detected due to poor sensitivity.
EPA18561_575565,30%,ND,ND,ND,ND,ND,ND,ND,ND,ND,ND,ND,ND,ND,ND,ND,ND,ND,ND,ND,ND,ND,ND,ND,ND,ND,ND,ND,Compound can not be detected due to poor sensitivity.
EPA18561_575565,100%,ND,ND,ND,ND,ND,ND,ND,ND,ND,ND,ND,ND,ND,ND,ND,ND,ND,ND,ND,ND,ND,ND,ND,ND,ND,ND,ND,Compound can not be detected due to poor sensitivity.
EPA18561_575567,10%,1.41,1.42,ND,ND,1.41,1.41,0.0213,0.0202,0,0,0.0179,0.0187,4.11,3.89,0,0,3.42,3.57,0.00%,0.00%,0.00%,100.00%,100.00%,100.00%,73.7,81.8,77.7,
EPA18561_575567,30%,1.37,1.37,ND,ND,1.38,1.38,0.0257,0.0279,0,0,0.0216,0.0234,4.27,4.71,0.04,0.04,3.5,3.83,1.14%,1.04%,1.09%,98.86%,98.96%,98.91%,83.4,82.7,83.1,
EPA18561_575567,100%,1.41,1.42,ND,ND,1.41,1.41,0.0125,0.0124,0,0,0.0106,0.0138,3.29,3.27,0,0,2.78,3.61,0.00%,0.00%,0.00%,100.00%,100.00%,100.00%,84.2,110,97.1,
EPA18561_575575,10%,1.62,1.62,1.63,1.62,1.62,1.62,0.000243,0.000258,0.0000432,0.000047,0.000198,0.000192,3.33,3.58,0.296,0.359,2.59,2.5,11.40%,14.40%,12.90%,88.60%,85.60%,87.10%,92.7,86.5,89.6,
EPA18561_575575,30%,1.59,1.60,1.65,1.62,1.60,1.60,0.0106,0.00952,0.0000109,0.00008,0.00787,0.00794,3.97,3.46,0,0,2.75,2.78,0.00%,0.00%,0.00%,100.00%,100.00%,100.00%,62.5,73.8,68.1,
EPA18561_575575,100%,1.59,1.59,1.58,1.60,1.60,1.59,0.00729,0.00744,0.000491,0.000552,0.00481,0.00771,2.49,2.54,0.0783,0.107,1.64,2.64,4.79%,4.04%,4.42%,95.21%,95.96%,95.59%,70.9,111,90.8,
EPA18561_575576,10%,ND,ND,ND,ND,ND,ND,ND,ND,ND,ND,ND,ND,ND,ND,ND,ND,ND,ND,ND,ND,ND,ND,ND,ND,ND,ND,ND,Compound can not be detected due to poor sensitivity.
EPA18561_575576,30%,ND,ND,ND,ND,ND,ND,ND,ND,ND,ND,ND,ND,ND,ND,ND,ND,ND,ND,ND,ND,ND,ND,ND,ND,ND,ND,ND,Compound can not be detected due to poor sensitivity.
EPA18561_575576,100%,ND,ND,ND,ND,ND,ND,ND,ND,ND,ND,ND,ND,ND,ND,ND,ND,ND,ND,ND,ND,ND,ND,ND,ND,ND,ND,ND,Compound can not be detected due to poor sensitivity.
EPA18561_575580,10%,ND,ND,ND,ND,ND,ND,ND,ND,ND,ND,ND,ND,ND,ND,ND,ND,ND,ND,ND,ND,ND,ND,ND,ND,ND,ND,ND,Compound can not be detected due to poor sensitivity.
EPA18561_575580,30%,ND,ND,ND,ND,ND,ND,ND,ND,ND,ND,ND,ND,ND,ND,ND,ND,ND,ND,ND,ND,ND,ND,ND,ND,ND,ND,ND,Compound can not be detected due to poor sensitivity.
EPA18561_575580,100%,ND,ND,ND,ND,ND,ND,ND,ND,ND,ND,ND,ND,ND,ND,ND,ND,ND,ND,ND,ND,ND,ND,ND,ND,ND,ND,ND,Compound can not be detected due to poor sensitivity.
EPA18561_575584,10%,0.93,0.93,0.92,0.93,0.93,0.93,0.0201,0.0201,0.0000308,0.0000168,0.012,0.0124,3.43,3.44,0.0428,0.0399,2,2.08,2.13%,1.91%,2.02%,97.87%,98.09%,97.98%,60.5,62.5,61.5,
EPA18561_575584,30%,0.92,0.92,0.94,0.92,0.93,0.93,0.00725,0.00751,0.0000823,0.000141,0.00625,0.00633,3.44,3.6,0.0626,0.0915,2.87,2.91,2.18%,3.14%,2.66%,97.82%,96.86%,97.34%,86.5,85.3,85.9,
EPA18561_575584,100%,0.93,0.93,0.91,0.91,0.93,0.93,0.00551,0.00544,0.0000174,0.0000152,0.00657,0.00664,2.68,2.65,0.0471,0.0457,3.2,3.23,1.47%,1.41%,1.44%,98.53%,98.59%,98.56%,100,100,100,
EPA18561_575588,10%,1.64,1.65,1.65,1.65,1.64,1.64,0.581,0.528,0.00244,0.00581,0.499,0.521,3.61,3.28,0.00462,0.0272,3.1,3.24,0.15%,0.84%,0.49%,99.85%,99.16%,99.51%,86.2,100,93.1,
EPA18561_575588,30%,1.63,1.62,1.62,1.64,1.63,1.63,0.508,0.55,0.00246,0.00283,0.524,0.576,3.66,4.03,0,0,3.79,4.26,0.00%,0.00%,0.00%,100.00%,100.00%,100.00%,100,100,100,
EPA18561_575588,100%,1.64,1.64,1.64,1.64,1.64,1.64,0.456,0.468,0.000244,0.00152,0.491,0.507,2.58,2.65,0,0.0000241,2.77,2.86,0.00%,0.00%,0.00%,100.00%,100.00%,100.00%,100,100,100,
EPA18561_575589,10%,1.69,1.68,1.68,1.68,1.69,1.69,0.0137,0.0151,0.000815,0.000779,0.00904,0.00995,2.31,2.55,0.479,0.458,1.53,1.69,31.30%,27.10%,29.20%,68.70%,72.90%,70.80%,101,96.1,98.5,
EPA18561_575589,30%,1.67,1.67,1.65,1.64,1.67,1.67,0.0156,0.0165,0.00076,0.00052,0.0121,0.0121,2.74,2.96,0.365,0.245,2.04,2.04,17.90%,12.00%,14.95%,82.10%,88.00%,85.05%,96.6,82.7,89.7,
EPA18561_575589,100%,1.73,1.73,1.73,1.73,1.73,1.73,0.00635,0.00634,0.000175,0.000162,0.00585,0.00617,3.55,3.54,0.094,0.0849,3.31,3.47,2.84%,2.45%,2.65%,97.16%,97.55%,97.36%,97.9,102,99.8,
EPA18561_575593,10%,ND,ND,ND,ND,ND,ND,ND,ND,ND,ND,ND,ND,ND,ND,ND,ND,ND,ND,ND,ND,ND,ND,ND,ND,ND,ND,ND,Compound can not be detected due to poor sensitivity.
EPA18561_575593,30%,ND,ND,ND,ND,ND,ND,ND,ND,ND,ND,ND,ND,ND,ND,ND,ND,ND,ND,ND,ND,ND,ND,ND,ND,ND,ND,ND,Compound can not be detected due to poor sensitivity.
EPA18561_575593,100%,ND,ND,ND,ND,ND,ND,ND,ND,ND,ND,ND,ND,ND,ND,ND,ND,ND,ND,ND,ND,ND,ND,ND,ND,ND,ND,ND,Compound can not be detected due to poor sensitivity.
EPA18561_575594,10%,ND,ND,ND,ND,ND,ND,ND,ND,ND,ND,ND,ND,ND,ND,ND,ND,ND,ND,ND,ND,ND,ND,ND,ND,ND,ND,ND,Compound can not be detected due to poor sensitivity.
EPA18561_575594,30%,ND,ND,ND,ND,ND,ND,ND,ND,ND,ND,ND,ND,ND,ND,ND,ND,ND,ND,ND,ND,ND,ND,ND,ND,ND,ND,ND,Compound can not be detected due to poor sensitivity.
EPA18561_575594,100%,ND,ND,ND,ND,ND,ND,ND,ND,ND,ND,ND,ND,ND,ND,ND,ND,ND,ND,ND,ND,ND,ND,ND,ND,ND,ND,ND,Compound can not be detected due to poor sensitivity.
EPA18561_575596,10%,0.90,0.90,0.90,0.90,0.90,0.90,0.819,0.815,0.00875,0.00883,0.588,0.56,3.78,3.77,0.0141,0.0147,2.76,2.63,0.51%,0.56%,0.54%,99.49%,99.44%,99.46%,73.5,70.5,72,
EPA18561_575596,30%,0.90,0.90,0.90,0.90,0.90,0.90,0.721,0.691,0.0111,0.00911,0.579,0.637,3.43,3.26,0.0453,0.0365,2.65,2.96,1.71%,1.23%,1.47%,98.29%,98.77%,98.53%,79.5,92.8,86.1,
EPA18561_575596,100%,0.90,0.90,0.90,0.91,0.90,0.89,0.491,0.505,0.00243,0,0.546,0.563,3.01,3.09,0,0,3.33,3.42,0.00%,0.00%,0.00%,100.00%,100.00%,100.00%,100,100,100,
EPA18561_575597,10%,0.68,0.68,0.68,0.68,0.68,0.68,0.178,0.194,0.0586,0.0612,0.0748,0.0774,3.24,3.56,1.02,1.07,1.3,1.34,78.90%,79.60%,79.25%,21.10%,20.40%,20.75%,92.6,87.6,90.1,
EPA18561_575597,30%,0.68,0.68,0.68,0.68,0.68,0.68,0.341,0.331,0.116,0.126,0.142,0.135,3.73,3.59,1.2,1.31,1.39,1.32,86.00%,99.50%,92.75%,14.00%,0.50%,7.25%,91,97.7,94.4,
EPA18561_575597,100%,0.68,0.68,0.69,0.68,0.68,0.68,0.211,0.211,0.0714,0.0849,0.0893,0.0872,3.26,3.27,1.11,1.32,1.4,1.36,79.80%,96.90%,88.35%,20.20%,3.10%,11.65%,99.9,109,105,
EPA18561_575598,10%,1.01,1.01,1.01,1.01,1.01,1.01,0.0005173,0.0004927,0.0005547,0.0005667,0.00025,0.00025,0.00253,0.00241,0.00109,0.00111,0.00118,0.00121,92.10%,92.00%,92.10%,7.90%,8.00%,7.90%,100,100,100,
EPA18561_575598,30%,1.01,1.01,1.01,1.01,1.01,1.02,0.0006794,0.0006626,0.0004635,0.0005037,0.00033,0.00036,0.00308,0.00300,0.00080,0.00088,0.00133,0.00148,60.10%,59.60%,59.90%,39.90%,40.40%,40.10%,86.5,98.3,92.4,
EPA18561_575598,100%,1.01,1.01,1.01,1.01,1.01,1.01,0.0008733,0.0008727,0.0004771,0.0005597,0.00034,0.00052,0.00371,0.00371,0.00069,0.00086,0.00102,0.00192,67.60%,44.70%,56.10%,32.40%,55.30%,43.90%,58.6,90.3,74.4,
EPA18561_575671,10%,1.00,1.00,1.00,1.00,1.00,1.00,0.71,0.831,0.0107,0.00955,0.553,0.593,3.55,4.03,0.0867,0.067,2.88,3.06,3.00%,2.19%,2.60%,97.00%,97.81%,97.41%,85.3,78.6,82,
EPA18561_575671,30%,1.00,1.00,1.01,1.01,1.00,1.00,1.64,1.61,0.00149,0.00141,1.35,1.45,7.13,6.95,0.0359,0.0356,5.37,5.94,0.67%,0.60%,0.63%,99.33%,99.40%,99.37%,76.2,86.4,81.3,
EPA18561_575671,100%,1.02,1.02,1.02,1.02,1.02,1.01,0.227,0.209,0.000283,0.000317,0.117,0.11,3.93,3.68,0.279,0.284,2.24,2.14,12.40%,13.30%,12.85%,87.60%,86.70%,87.15%,68.9,71,70,
EPA18561_575673,10%,1.50,1.49,1.50,1.49,1.50,1.49,0.289,0.303,0.0581,0.0548,0.2,0.188,3.88,4.06,0.852,0.804,2.74,2.58,31.10%,31.20%,31.15%,68.90%,68.80%,68.85%,107,96.5,102,
EPA18561_575673,30%,1.46,1.46,1.47,1.48,1.47,1.47,3.13,3.15,0.0396,0.0674,2.6,2.53,3.13,3.15,0.045,0.073,2.55,2.47,1.76%,2.95%,2.36%,98.24%,97.05%,97.65%,84.1,82.2,83.1,
EPA18561_575673,100%,1.43,1.43,1.43,1.43,1.43,1.43,0.328,0.318,0.0137,0.0114,0.265,0.281,3.67,3.57,0.128,0.104,2.99,3.16,4.27%,3.28%,3.78%,95.73%,96.72%,96.23%,87.2,93.3,90.2,
EPA18561_575674,10%,1.73,1.73,1.74,1.74,1.73,1.73,0.104,0.0988,0.00434,0.00847,0.0752,0.069,3.46,3.29,0.155,0.312,2.53,2.33,6.14%,13.40%,9.77%,93.86%,86.60%,90.23%,80.7,86.5,83.6,
EPA18561_575674,30%,1.67,1.67,1.67,1.67,1.67,1.67,0.0621,0.0517,0.00348,0.00406,0.0574,0.057,4.89,3.75,0.156,0.192,4.34,4.3,3.59%,4.46%,4.03%,96.41%,95.54%,95.98%,94.3,123,109,
EPA18561_575674,100%,1.71,1.72,1.72,1.72,1.72,1.72,0.0988,0.112,0.0019,0.00208,0.0994,0.102,3.65,4.28,0.0696,0.0749,3.68,3.78,1.89%,1.98%,1.94%,98.11%,98.02%,98.07%,104,91.3,97.6,
EPA18561_575680,10%,0.91,0.91,0.91,0.91,0.91,0.91,0.157,0.157,0.0274,0.0311,0.0723,0.0824,2.7,2.7,0.41,0.466,1.18,1.35,34.70%,34.40%,34.55%,65.30%,65.60%,65.45%,69.1,78.9,74,
EPA18561_575680,30%,0.91,0.91,0.77,0.91,0.91,0.91,0.167,0.158,0.0652,0.0754,0.112,0.0937,2.92,2.75,0.955,1.11,1.86,1.54,51.30%,71.90%,61.60%,48.70%,28.10%,38.40%,100,100,100,
EPA18561_575680,100%,0.91,0.91,0.91,0.91,0.91,0.91,0.153,0.152,0.0125,0.0151,0.133,0.12,2.22,2.21,0.155,0.189,1.93,1.73,8.03%,10.90%,9.47%,91.97%,89.10%,90.54%,98.4,92.8,95.6,
EPA18561_575681,10%,0.65,0.65,0.65,0.65,0.65,0.65,0.149,0.132,0.0529,0.044,0.0596,0.0562,4.19,3.81,1.87,1.63,1.85,1.75,101.00%,92.90%,96.95%,-1.00%,7.10%,3.05%,100,100,100,
EPA18561_575681,30%,0.64,0.64,0.65,0.64,0.64,0.64,0.179,0.191,0.0211,0.0189,0.0744,0.0805,4.46,4.8,0.532,0.476,1.76,1.91,30.20%,25.00%,27.60%,69.80%,75.00%,72.40%,59.3,56.3,57.8,
EPA18561_575681,100%,0.65,0.65,0.65,0.65,0.65,0.65,0.0943,0.101,0.0638,0.0511,0.0568,0.0535,2.77,2.94,1.56,1.26,1.8,1.71,86.40%,73.90%,80.15%,13.60%,26.10%,19.85%,100,100,100,
EPA18561_873889,10%,1.99,1.99,1.99,1.99,1.99,1.98,0.807,0.764,0.000058,0.000567,0.062,0.102,1.79,1.7,0.000,0.000,0.112,0.207,ND,ND,ND,ND,ND,ND,5.64,11.7,8.67,"poor recovery likely due to plasma instability, data not calculable"
EPA18561_873889,30%,1.96,1.95,1.99,1.97,1.96,1.96,0.542,0.531,0,0.000227,0.00815,0.00795,1.7,1.67,0.003,0.004,0.024,0.023,ND,ND,ND,ND,ND,ND,1.66,1.79,1.72,"poor recovery likely due to plasma instability, data not calculable"
EPA18561_873889,100%,1.98,1.98,ND,ND,1.98,1.98,0.557,0.502,ND,ND,0.00506,0.00416,2.3,2.11,0.009,0.009,0.000,0.000,ND,ND,ND,ND,ND,ND,-1.25,-1.59,-1.42,"poor recovery likely due to plasma instability, data not calculable"
EPA18561_873894,10%,ND,ND,ND,ND,ND,ND,ND,ND,ND,ND,ND,ND,ND,ND,ND,ND,ND,ND,ND,ND,ND,ND,ND,ND,ND,ND,ND,Compound can not be detected due to poor sensitivity.
EPA18561_873894,30%,ND,ND,ND,ND,ND,ND,ND,ND,ND,ND,ND,ND,ND,ND,ND,ND,ND,ND,ND,ND,ND,ND,ND,ND,ND,ND,ND,Compound can not be detected due to poor sensitivity.
EPA18561_873894,100%,ND,ND,ND,ND,ND,ND,ND,ND,ND,ND,ND,ND,ND,ND,ND,ND,ND,ND,ND,ND,ND,ND,ND,ND,ND,ND,ND,Compound can not be detected due to poor sensitivity.
EPA18561_873897,10%,ND,ND,ND,ND,ND,ND,ND,ND,ND,ND,ND,ND,ND,ND,ND,ND,ND,ND,ND,ND,ND,ND,ND,ND,ND,ND,ND,Compound can not be detected due to poor sensitivity.
EPA18561_873897,30%,ND,ND,ND,ND,ND,ND,ND,ND,ND,ND,ND,ND,ND,ND,ND,ND,ND,ND,ND,ND,ND,ND,ND,ND,ND,ND,ND,Compound can not be detected due to poor sensitivity.
EPA18561_873897,100%,ND,ND,ND,ND,ND,ND,ND,ND,ND,ND,ND,ND,ND,ND,ND,ND,ND,ND,ND,ND,ND,ND,ND,ND,ND,ND,ND,Compound can not be detected due to poor sensitivity.
EPA18561_873900,10%,0.63,0.64,0.64,0.63,0.64,0.64,0.143,0.147,0.0492,0.0583,0.0549,0.057,3.2,3.29,0.973,1.16,1.21,1.26,80.30%,92.00%,86.15%,19.70%,8.00%,13.85%,88.6,96.9,92.8,
EPA18561_873900,30%,0.64,0.64,0.64,0.64,0.64,0.64,0.248,0.249,0.0763,0.0814,0.0937,0.0871,3.74,3.76,1.09,1.17,1.31,1.22,83.30%,95.80%,89.55%,16.70%,4.20%,10.45%,83.7,84.1,83.9,
EPA18561_873900,100%,0.64,0.64,0.64,0.64,0.64,0.64,0.189,0.189,0.0595,0.0637,0.0694,0.0687,3.17,3.17,1.03,1.1,1.17,1.16,87.80%,94.70%,91.25%,12.20%,5.30%,8.75%,91.3,94.5,92.9,
EPA18561_873903,10%,0.99,0.99,0.99,0.99,0.99,0.99,0.0368,0.0362,0.00714,0.00956,0.0141,0.0142,2.73,2.68,0.481,0.647,1.03,1.04,46.70%,62.40%,54.55%,53.30%,37.60%,45.45%,67.1,78.8,72.9,
EPA18561_873903,30%,0.99,0.99,1.00,0.99,0.99,0.99,0.0271,0.0301,0.00476,0.00569,0.0138,0.0129,3.25,3.66,0.559,0.671,1.56,1.45,35.90%,46.20%,41.05%,64.10%,53.80%,58.95%,76.5,70.2,73.3,
EPA18561_873903,100%,0.99,0.99,1.00,0.99,0.99,0.99,0.0371,0.0372,0.00307,0.00419,0.0236,0.023,3.31,3.31,0.278,0.383,2.14,2.09,13.00%,18.30%,15.65%,87.00%,81.70%,84.35%,78.7,82.3,80.5,
EPA18561_873904,10%,0.82,0.83,0.83,0.82,0.82,0.82,1.26,1.28,0.414,0.504,0.531,0.58,2.98,3.05,0.834,1.03,1.17,1.28,71.00%,79.90%,75.45%,29.00%,20.10%,24.55%,85.9,98.2,92.1,
EPA18561_873904,30%,0.83,0.83,0.83,0.83,0.83,0.82,1.49,1.53,0.474,0.525,0.541,0.598,3.17,3.27,0.928,1.03,1.06,1.17,87.80%,87.90%,87.85%,12.20%,12.10%,12.15%,82.3,88.5,85.4,
EPA18561_873904,100%,0.82,0.82,0.83,0.82,0.83,0.82,1.33,1.32,0.431,0.503,0.62,0.619,3.07,3.06,0.852,1,1.34,1.33,63.70%,75.00%,69.35%,36.30%,25.00%,30.65%,89.8,97.9,93.9,
EPA18561_873905,10%,1.47,1.47,1.47,1.46,1.46,1.47,0.188,0.183,0.0216,0.02,0.0486,0.0504,2.59,2.52,0.284,0.262,0.649,0.673,43.70%,39.00%,41.35%,56.30%,61.00%,58.65%,43.4,44.1,43.8,
EPA18561_873905,30%,1.01,1.00,1.01,1.00,1.01,1.01,1.02,1.06,0.0542,0.0765,0.162,0.19,2.73,2.82,0.111,0.168,0.319,0.392,34.80%,42.80%,38.80%,65.20%,57.20%,61.20%,18.5,23.8,21.2,"poor recovery likely due to plasma instability, data may not be accurate"
EPA18561_873905,100%,1.01,1.01,1.00,1.01,1.01,1.01,1.39,1.46,0.0116,0.0135,0.329,0.355,2.81,2.93,0.0153,0.0193,0.689,0.747,2.23%,2.59%,2.41%,97.77%,97.41%,97.59%,25.4,26.6,26,"poor recovery likely due to plasma instability, data may not be accurate"
EPA18561_873907,10%,0.93,0.93,0.94,0.93,0.93,0.93,1.3,1.36,0.296,0.265,0.53,0.523,3.07,3.21,0.667,0.592,1.25,1.23,53.60%,48.20%,50.90%,46.40%,51.80%,49.10%,76.7,69.1,72.9,
EPA18561_873907,30%,0.94,0.93,0.93,0.94,0.94,0.94,0.64,0.736,0.102,0.0979,0.212,0.231,2.49,2.9,0.363,0.345,0.776,0.849,46.70%,40.70%,43.70%,53.30%,59.30%,56.30%,55.3,49.2,52.2,
EPA18561_873907,100%,0.95,0.95,0.95,0.95,0.95,0.95,0.176,0.187,0.00614,0.00629,0.0471,0.0456,3.03,3.2,0.106,0.109,0.855,0.828,12.40%,13.10%,12.75%,87.60%,86.90%,87.25%,34.1,31.6,32.8,"poor recovery likely due to plasma instability, data may not be accurate"
EPA18561_873911,10%,0.81,0.81,0.81,0.81,0.81,0.81,0.506,0.468,0.0259,0.0276,0.396,0.39,3.68,3.4,0.15,0.162,2.85,2.81,5.25%,5.78%,5.52%,94.75%,94.22%,94.49%,84.1,90.6,87.3,
EPA18561_873911,30%,0.80,0.79,0.80,0.80,0.80,0.80,0.484,0.541,0.0145,0.0143,0.459,0.495,3.84,4.44,0.0995,0.0983,3.59,3.95,2.77%,2.49%,2.63%,97.23%,97.51%,97.37%,97.9,92.6,95.2,
EPA18561_873911,100%,0.81,0.81,0.82,0.81,0.81,0.81,0.495,0.472,0.00573,0.00815,0.543,0.539,3.08,2.95,0.0399,0.0517,3.36,3.33,1.19%,1.55%,1.37%,98.81%,98.45%,98.63%,100,100,100,
EPA18561_873912,10%,0.71,0.71,0.71,0.71,0.71,0.71,0.0413,0.0392,0.012,0.0137,0.0163,0.0171,3.13,2.96,0.85,0.975,1.21,1.27,70.30%,76.90%,73.60%,29.70%,23.10%,26.40%,83.9,97.7,90.8,
EPA18561_873912,30%,0.71,0.71,0.71,0.71,0.71,0.71,0.0519,0.0573,0.016,0.018,0.0217,0.0235,3.66,4.1,0.948,1.07,1.41,1.54,67.30%,69.80%,68.55%,32.70%,30.20%,31.45%,81.7,81.1,81.4,
EPA18561_873912,100%,0.71,0.71,0.71,0.71,0.71,0.71,0.0466,0.0481,0.0154,0.0149,0.0204,0.0204,3.05,3.15,1.01,0.982,1.36,1.36,74.60%,72.10%,73.35%,25.40%,27.90%,26.65%,99.7,95.2,97.4,
EPA18561_873913,10%,1.71,1.72,1.71,1.71,1.71,1.72,0.392,0.393,0.0803,0.112,0.269,0.27,3.88,3.89,0.745,1.05,2.63,2.64,28.40%,39.70%,34.05%,71.60%,60.30%,65.95%,99.6,113,106,
EPA18561_873913,30%,1.70,1.69,1.70,1.70,1.70,1.70,0.424,0.374,0.0482,0.0678,0.39,0.364,3.92,3.34,0.386,0.552,3.52,3.24,11.00%,17.00%,14.00%,89.00%,83.00%,86.00%,106,125,115,
EPA18561_873913,100%,1.72,1.71,1.71,1.71,1.72,1.71,0.3,0.295,0.0227,0.0023,0.762,0.153,3.71,3.65,0.29,0.0321,8.75,1.96,3.31%,1.64%,2.48%,96.69%,98.36%,97.53%,100,ND,100,
EPA18561_873915,10%,0.79,0.79,0.79,0.80,0.79,0.79,0.301,0.313,0.0884,0.0994,0.122,0.118,3.04,3.18,0.818,0.921,1.21,1.17,67.30%,78.50%,72.90%,32.70%,21.50%,27.10%,84.7,85.3,85,
EPA18561_873915,30%,0.80,0.79,0.80,0.80,0.80,0.80,0.316,0.339,0.107,0.114,0.126,0.157,3.36,3.63,1.04,1.11,1.29,1.62,80.70%,68.70%,74.70%,19.30%,31.30%,25.30%,90,95.5,92.8,
EPA18561_873915,100%,0.80,0.79,0.80,0.80,0.79,0.80,0.345,0.339,0.0989,0.113,0.161,0.141,3.24,3.19,0.813,0.927,1.57,1.38,51.90%,67.30%,59.60%,48.10%,32.70%,40.40%,90.3,91.7,91,
EPA18561_873916,10%,ND,ND,ND,ND,ND,ND,ND,ND,ND,ND,ND,ND,ND,ND,ND,ND,ND,ND,ND,ND,ND,ND,ND,ND,ND,ND,ND,"poor recovery likely due to plasma instability, data not calculable, undetected in any plasma samples"
EPA18561_873916,30%,ND,ND,ND,ND,ND,ND,ND,ND,ND,ND,ND,ND,ND,ND,ND,ND,ND,ND,ND,ND,ND,ND,ND,ND,ND,ND,ND,"poor recovery likely due to plasma instability, data not calculable, undetected in any plasma samples"
EPA18561_873916,100%,ND,ND,ND,ND,ND,ND,ND,ND,ND,ND,ND,ND,ND,ND,ND,ND,ND,ND,ND,ND,ND,ND,ND,ND,ND,ND,ND,"poor recovery likely due to plasma instability, data not calculable, undetected in any plasma samples"
EPA18561_873917,10%,1.05,1.04,1.04,1.05,1.04,1.04,0.0314,0.0317,0.00226,0.00275,0.0284,0.028,3.36,3.39,0.251,0.307,3.02,2.97,8.33%,10.40%,9.37%,91.67%,89.60%,90.64%,100,100,100,
EPA18561_873917,30%,1.04,1.04,1.04,1.04,1.04,1.04,0.038,0.0361,0.00127,0.00121,0.0364,0.0365,3.91,3.67,0.112,0.107,3.71,3.71,3.03%,2.88%,2.96%,96.97%,97.12%,97.05%,99.5,106,103,
EPA18561_873917,100%,1.05,1.04,1.05,1.04,1.04,1.04,0.0341,0.0326,0.000593,0.000516,0.0392,0.0356,3.26,3.12,0.0712,0.0635,3.76,3.41,1.89%,1.86%,1.88%,98.11%,98.14%,98.13%,100,100,100,
EPA18561_873918,10%,0.58,0.58,0.58,0.59,0.59,0.58,0.2231,0.2386,0.3230,0.3215,0.33,0.32,1.07,1.15,0.63,0.63,1.60,1.55,39.20%,40.30%,39.80%,60.80%,59.70%,60.20%,100,100,100,
EPA18561_873918,30%,0.59,0.59,0.59,0.59,0.59,0.59,0.2257,0.2783,0.3264,0.3343,0.29,0.29,1.11,1.37,0.64,0.66,1.45,1.43,44.40%,46.10%,45.20%,55.60%,53.90%,54.80%,100,100,100,
EPA18561_873918,100%,0.59,0.58,0.59,0.59,0.59,0.59,0.2240,0.2096,0.3294,0.3500,0.34,0.31,1.07,0.99,0.64,0.68,1.64,1.49,38.90%,45.50%,42.20%,61.10%,54.50%,57.80%,100,100,100,
EPA18561_873920,10%,1.19,1.19,1.19,1.19,1.19,1.19,0.805,0.808,0.887,0.847,0.430,0.402,4.025,4.040,1.774,1.694,2.147,2.010,82.7,84.3,83.5,17.3,15.7,16.5,100,100,100,
EPA18561_873920,30%,1.19,1.19,1.19,1.19,1.19,1.19,0.933,0.928,0.937,1.009,0.482,0.523,4.663,4.639,1.872,2.017,2.406,2.612,77.8,77.2,77.5,22.2,22.8,22.5,100,100,100,
EPA18561_873920,100%,1.19,1.19,1.19,1.19,1.19,1.19,1.130,1.221,1.322,1.265,0.740,0.738,5.651,6.103,2.644,2.529,3.701,3.687,71.4,68.6,70,28.6,31.4,30,100,100,100,
EPA18561_873922,10%,1.54,1.54,1.54,1.54,1.54,1.54,0.0409,0.045,0.00788,0.0098,0.0299,0.0304,3.76,4.14,0.712,0.885,2.73,2.78,26.00%,31.80%,28.90%,74.00%,68.20%,71.10%,100,100,100,
EPA18561_873922,30%,1.53,1.54,1.53,1.53,1.53,1.53,0.0449,0.0392,0.00561,0.00609,0.0299,0.0355,4.05,3.47,0.456,0.496,2.57,3.1,17.70%,16.00%,16.85%,82.30%,84.00%,83.15%,82.3,113,97.8,
EPA18561_873922,100%,1.54,1.53,1.53,1.53,1.54,1.53,0.0361,0.0341,0.00176,0.00149,0.0412,0.0445,3.12,2.95,0.116,0.0972,3.55,3.84,3.26%,2.53%,2.90%,96.74%,97.47%,97.11%,100,100,100,
EPA18561_873923,10%,ND,ND,ND,ND,ND,ND,ND,ND,ND,ND,ND,ND,ND,ND,ND,ND,ND,ND,ND,ND,ND,ND,ND,ND,ND,ND,ND,Compound can not be detected due to poor sensitivity.
EPA18561_873923,30%,ND,ND,ND,ND,ND,ND,ND,ND,ND,ND,ND,ND,ND,ND,ND,ND,ND,ND,ND,ND,ND,ND,ND,ND,ND,ND,ND,Compound can not be detected due to poor sensitivity.
EPA18561_873923,100%,ND,ND,ND,ND,ND,ND,ND,ND,ND,ND,ND,ND,ND,ND,ND,ND,ND,ND,ND,ND,ND,ND,ND,ND,ND,ND,ND,Compound can not be detected due to poor sensitivity.
EPA18561_873925,10%,2.10,2.10,2.06,2.13,2.10,2.10,0.042,0.041,0.016,0.02,0.031,0.034,0.188,0.181,0.022,0.03,0.129,0.145,16.80%,20.70%,18.70%,83.20%,79.30%,81.30%,88,108,98,
EPA18561_873925,30%,2.10,2.10,2.09,2.08,2.10,2.09,0.038,0.035,0.01,0.01,0.027,0.021,0.172,0.156,0.012,0.013,0.115,0.089,10.60%,14.40%,12.50%,89.40%,85.60%,87.50%,79.1,70.3,74.7,
EPA18561_873925,100%,2.09,2.09,2.10,2.10,2.03,2.05,0.044,0.046,0.015,0.01,0.036,0.033,0.173,0.185,0.011,0.002,0.131,0.118,8.10%,1.70%,4.90%,91.90%,98.30%,95.10%,86.1,65.5,75.8,
EPA18561_873926,10%,0.93,0.93,0.93,0.93,0.93,0.93,0.28,0.27,0.0571,0.069,0.13,0.138,4.32,4.18,0.892,1.07,2.1,2.23,42.60%,48.20%,45.40%,57.40%,51.80%,54.60%,83,95.9,89.5,
EPA18561_873926,30%,0.93,0.93,0.93,0.93,0.93,0.93,0.328,0.334,0.0751,0.0761,0.199,0.203,4.33,4.45,0.815,0.827,2.36,2.42,34.50%,34.20%,34.35%,65.50%,65.80%,65.65%,86.1,85.4,85.7,
EPA18561_873926,100%,0.93,0.93,0.93,0.93,0.93,0.93,0.25,0.247,0.0277,0.0287,0.255,0.273,3.32,3.28,0.447,0.463,3.38,3.61,13.20%,12.90%,13.05%,86.80%,87.10%,86.95%,100,100,100,
EPA18561_873927,10%,1.01,1.01,1.01,1.01,1.01,1.01,0.578,0.568,0.000406,0.000687,0.608,0.608,4.44,4.35,0.00925,0.0131,4.71,4.7,0.20%,0.28%,0.24%,99.80%,99.72%,99.76%,100,100,100,
EPA18561_873927,30%,1.01,1.01,1.03,1.02,1.01,1.02,0.623,0.562,0.000352,0.000404,0.665,0.596,4.31,3.82,0.00992,0.0106,4.66,4.09,0.21%,0.26%,0.24%,99.79%,99.74%,99.76%,100,100,100,
EPA18561_873927,100%,1.01,1.00,1.01,1.01,1.01,1.01,0.822,0.798,0.000212,0.000153,0.945,0.942,3.56,3.43,0.0399,0.0395,4.25,4.24,0.94%,0.93%,0.94%,99.06%,99.07%,99.07%,100,100,100,
EPA18561_873928,10%,1.43,1.42,1.42,1.42,1.43,1.42,0.19,0.199,0.0251,0.0227,0.147,0.153,3.13,3.29,0.339,0.306,2.4,2.5,14.10%,12.20%,13.15%,85.90%,87.80%,86.85%,94.9,91.6,93.2,
EPA18561_873928,30%,1.41,1.42,1.53,1.51,1.41,1.41,0.109,0.113,0.00444,0.00409,0.0916,0.0895,3.47,3.6,0.185,0.17,2.87,2.8,6.45%,6.08%,6.27%,93.55%,93.92%,93.74%,91.5,85.5,88.5,
EPA18561_873928,100%,1.42,1.42,1.41,1.42,1.42,1.41,0.112,0.109,0.00119,0.00151,0.149,0.148,2.38,2.31,0.0184,0.0254,3.1,3.07,0.60%,0.83%,0.71%,99.41%,99.17%,99.29%,100,100,100,
EPA18561_873931,10%,1.66,1.66,1.66,1.66,1.66,1.66,0.31,0.308,0.0137,0.00983,0.248,0.256,4.05,4.02,0.149,0.0949,3.23,3.34,4.63%,2.84%,3.74%,95.37%,97.16%,96.27%,85.7,86.9,86.3,
EPA18561_873931,30%,1.62,1.62,1.65,1.62,1.61,1.62,0.213,0.199,0.00327,0.00318,0.178,0.188,3.78,3.5,0.0199,0.0184,3.11,3.29,0.64%,0.56%,0.60%,99.36%,99.44%,99.40%,83.2,94.8,89,
EPA18561_873931,100%,1.67,1.67,1.67,1.67,1.67,1.68,0.165,0.163,0.00164,0.00166,0.175,0.157,2.54,2.51,0.0121,0.0124,2.69,2.41,0.45%,0.51%,0.48%,99.55%,99.49%,99.52%,107,97.1,102,
EPA18561_873932,10%,1.46,1.46,1.46,1.46,1.46,1.46,0.00845,0.00806,0.00223,0.00219,0.00455,0.00427,3.11,2.97,0.804,0.789,1.7,1.59,47.40%,49.60%,48.50%,52.60%,50.40%,51.50%,97.6,97.9,97.8,
EPA18561_873932,30%,1.44,1.45,1.45,1.44,1.44,1.44,0.0123,0.0133,0.00166,0.00176,0.00696,0.00755,3.06,3.33,0.648,0.692,1.68,1.83,38.50%,37.90%,38.20%,61.50%,62.10%,61.80%,90.2,89.5,89.9,
EPA18561_873932,100%,1.45,1.45,1.44,1.45,1.45,1.45,0.0173,0.0181,0.000785,0.000843,0.0163,0.0152,2.08,2.19,0.137,0.147,1.95,1.81,7.02%,8.14%,7.58%,92.98%,91.86%,92.42%,104,94.1,99.3,
EPA18561_873933,10%,0.89,0.89,0.89,0.90,0.89,0.89,0.308,0.3,0.0961,0.101,0.133,0.13,3.19,3.11,0.926,0.973,1.34,1.31,69.30%,74.30%,71.80%,30.70%,25.70%,28.20%,90.2,94.4,92.3,
EPA18561_873933,30%,0.89,0.89,0.89,0.89,0.89,0.89,0.473,0.475,0.126,0.174,0.232,0.22,3.47,3.49,0.951,1.33,1.58,1.49,60.30%,88.80%,74.55%,39.70%,11.20%,25.45%,91.1,106,98.6,
EPA18561_873933,100%,0.89,0.89,0.89,0.89,0.89,0.89,0.384,0.375,0.0876,0.079,0.19,0.178,3.51,3.43,0.748,0.675,1.77,1.67,42.10%,40.50%,41.30%,57.90%,59.50%,58.70%,86.1,81.4,83.8,
EPA18561_873934,10%,1.63,1.63,1.63,1.63,1.63,1.62,0.0575,0.0606,0.00731,0.0078,0.0433,0.0434,2.86,3.01,0.386,0.411,2.18,2.19,17.70%,18.80%,18.25%,82.30%,81.20%,81.75%,98.6,95.5,97.1,
EPA18561_873934,30%,1.62,1.62,1.62,1.63,1.62,1.63,0.0723,0.0759,0.00687,0.00677,0.0672,0.0615,2.9,3.06,0.298,0.294,2.69,2.45,11.10%,12.00%,11.55%,88.90%,88.00%,88.45%,110,95.9,103,
EPA18561_873934,100%,1.62,1.62,1.63,1.62,1.63,1.62,0.064,0.061,0.00135,0.00149,0.0649,0.0648,2.7,2.59,0.0492,0.055,2.74,2.73,1.80%,2.01%,1.91%,98.20%,97.99%,98.10%,100,100,100,
EPA18561_873935,10%,ND,ND,ND,ND,ND,ND,ND,ND,ND,ND,ND,ND,ND,ND,ND,ND,ND,ND,ND,ND,ND,ND,ND,ND,ND,ND,ND,"poor recovery likely due to plasma instability, data not calculable"
EPA18561_873935,30%,ND,ND,ND,ND,ND,ND,ND,ND,ND,ND,ND,ND,ND,ND,ND,ND,ND,ND,ND,ND,ND,ND,ND,ND,ND,ND,ND,"poor recovery likely due to plasma instability, data not calculable"
EPA18561_873935,100%,ND,ND,ND,ND,ND,ND,ND,ND,ND,ND,ND,ND,ND,ND,ND,ND,ND,ND,ND,ND,ND,ND,ND,ND,ND,ND,ND,"poor recovery likely due to plasma instability, data not calculable"
EPA18561_575494,10%,ND,ND,ND,ND,ND,ND,ND,ND,ND,ND,ND,ND,ND,ND,ND,ND,ND,ND,ND,ND,ND,ND,ND,ND,ND,ND,ND,Compound can not be detected due to poor sensitivity.
EPA18561_575494,30%,ND,ND,ND,ND,ND,ND,ND,ND,ND,ND,ND,ND,ND,ND,ND,ND,ND,ND,ND,ND,ND,ND,ND,ND,ND,ND,ND,Compound can not be detected due to poor sensitivity.
EPA18561_575494,100%,ND,ND,ND,ND,ND,ND,ND,ND,ND,ND,ND,ND,ND,ND,ND,ND,ND,ND,ND,ND,ND,ND,ND,ND,ND,ND,ND,Compound can not be detected due to poor sensitivity.
EPA18561_873937,10%,ND,ND,ND,ND,ND,ND,ND,ND,ND,ND,ND,ND,ND,ND,ND,ND,ND,ND,ND,ND,ND,ND,ND,ND,ND,ND,ND,Compound can not be detected due to poor sensitivity.
EPA18561_873937,30%,ND,ND,ND,ND,ND,ND,ND,ND,ND,ND,ND,ND,ND,ND,ND,ND,ND,ND,ND,ND,ND,ND,ND,ND,ND,ND,ND,Compound can not be detected due to poor sensitivity.
EPA18561_873937,100%,ND,ND,ND,ND,ND,ND,ND,ND,ND,ND,ND,ND,ND,ND,ND,ND,ND,ND,ND,ND,ND,ND,ND,ND,ND,ND,ND,Compound can not be detected due to poor sensitivity.
EPA18561_873938,10%,1.67,1.68,1.67,1.68,1.67,1.67,0.0123,0.0126,0.00227,0.00184,0.00456,0.00567,2.65,2.71,0.202,0.112,0.913,1.17,22.20%,9.51%,15.86%,77.80%,90.49%,84.15%,47.2,50.1,48.7,
EPA18561_873938,30%,1.65,1.65,1.65,1.66,1.65,1.66,0.045,0.0422,0.0101,0.0107,0.0283,0.0313,3.73,3.41,0.312,0.375,1.94,2.24,16.10%,16.80%,16.45%,83.90%,83.20%,83.55%,65.9,84,74.9,
EPA18561_873938,100%,1.71,1.71,1.72,1.71,1.71,1.71,0.00879,0.0108,0.000482,0.000657,0.00954,0.00905,2.63,3.31,0,0,2.89,2.72,0.00%,0.00%,0.00%,100.00%,100.00%,100.00%,103,80.5,91.9,
EPA18561_873940,10%,0.80,0.80,0.80,0.80,0.80,0.80,1.06,0.993,0.244,0.256,0.639,0.677,3.32,3.12,0.721,0.755,2.02,2.14,35.60%,35.20%,35.40%,64.40%,64.80%,64.60%,97,109,103,
EPA18561_873940,30%,0.80,0.80,0.80,0.81,0.81,0.81,1.14,1.09,0.253,0.243,0.973,0.802,3.55,3.37,0.745,0.715,2.97,2.41,25.10%,29.70%,27.40%,74.90%,70.30%,72.60%,100,100,100,
EPA18561_873940,100%,0.82,0.82,0.82,0.82,0.82,0.82,0.117,0.128,0.00719,0.00799,0.1,0.102,3.07,3.32,0.18,0.201,2.65,2.7,6.80%,7.42%,7.11%,93.20%,92.58%,92.89%,96,91.4,93.7,
EPA18561_873942,10%,0.82,0.82,0.83,0.82,0.82,0.82,6.9,6.67,0.0725,0.0811,6.75,6.51,3.56,3.44,0.0397,0.0433,3.48,3.34,1.14%,1.30%,1.22%,98.86%,98.70%,98.78%,99.5,99.4,99.4,
EPA18561_873942,30%,0.81,0.81,0.81,0.81,0.81,0.81,5.87,6,0.0258,0.0201,6.08,5.71,3.15,3.24,0.00907,0.00643,3.29,3.06,0.28%,0.21%,0.24%,99.72%,99.79%,99.76%,105,94.7,99.7,
EPA18561_873942,100%,1.24,1.25,1.25,1.25,1.25,1.25,0.491,0.516,0.000742,0.000669,0.481,0.469,3.91,4.13,0.00319,0.00274,3.82,3.71,0.08%,0.07%,0.08%,99.92%,99.93%,99.92%,97.9,90,94,
EPA18561_873943,10%,ND,ND,ND,ND,ND,ND,ND,ND,ND,ND,ND,ND,ND,ND,ND,ND,ND,ND,ND,ND,ND,ND,ND,ND,ND,ND,ND,Compound can not be detected due to poor sensitivity.
EPA18561_873943,30%,ND,ND,ND,ND,ND,ND,ND,ND,ND,ND,ND,ND,ND,ND,ND,ND,ND,ND,ND,ND,ND,ND,ND,ND,ND,ND,ND,Compound can not be detected due to poor sensitivity.
EPA18561_873943,100%,ND,ND,ND,ND,ND,ND,ND,ND,ND,ND,ND,ND,ND,ND,ND,ND,ND,ND,ND,ND,ND,ND,ND,ND,ND,ND,ND,Compound can not be detected due to poor sensitivity.
EPA18561_873945,10%,1.58,1.58,1.58,1.58,1.58,1.58,1.18,1.23,0.0657,0.0805,0.274,0.309,2.6,2.72,0.121,0.158,0.613,0.688,19.70%,23.00%,21.35%,80.30%,77.00%,78.65%,31.3,35,33.2,"poor recovery likely due to plasma instability, data may not be accurate"
EPA18561_873945,30%,1.56,1.56,1.56,1.56,1.56,1.56,0.966,0.978,0.0229,0.0195,0.137,0.154,2.51,2.54,0.0397,0.031,0.348,0.391,11.40%,7.92%,9.66%,88.60%,92.08%,90.34%,16.5,17.4,17,"poor recovery likely due to plasma instability, data may not be accurate"
EPA18561_873945,100%,1.58,1.58,1.58,1.58,1.58,1.58,1.3,1.28,0.00933,0.0135,0.295,0.299,3.21,3.15,0.0205,0.0317,0.727,0.736,2.81%,4.31%,3.56%,97.19%,95.69%,96.44%,23.7,25,24.4,"poor recovery likely due to plasma instability, data may not be accurate"
EPA18561_877734,10%,0.99,0.99,0.99,0.99,0.99,0.99,0.0262,0.0264,0.00946,0.00956,0.0126,0.0129,3.16,3.18,0.954,0.966,1.41,1.44,67.80%,67.30%,67.55%,32.20%,32.70%,32.45%,94.8,95.8,95.3,
EPA18561_877734,30%,0.99,0.99,0.99,0.99,0.99,0.99,0.027,0.0266,0.00772,0.00896,0.013,0.0137,3.08,3.03,0.873,1.03,1.36,1.44,64.00%,71.50%,67.75%,36.00%,28.50%,32.25%,91.6,105,98.1,
EPA18561_877734,100%,0.99,0.99,0.99,0.99,0.99,0.99,0.0271,0.0258,0.00584,0.00592,0.0136,0.0127,3.1,2.94,0.591,0.599,1.55,1.45,38.10%,41.30%,39.70%,61.90%,58.70%,60.30%,81.9,83.3,82.6,
EPA18561_877736,10%,2.23,2.23,2.22,2.23,2.23,2.23,0.0171,0.0181,0.00014,0.00014,0.0152,0.0138,2.81,2.98,0.0133,0.0132,2.5,2.26,0.53%,0.59%,0.56%,99.47%,99.41%,99.44%,89.5,76.5,83,
EPA18561_877736,30%,2.25,2.25,2.24,2.20,2.25,2.25,0.0066,0.00658,0.0000914,0.000122,0.00536,0.00566,2.79,2.78,0.0508,0.0662,2.25,2.38,2.26%,2.78%,2.52%,97.74%,97.22%,97.48%,83.6,89.6,86.6,
EPA18561_877736,100%,2.23,2.23,2.23,2.23,2.23,2.23,0.0188,0.0185,0.0000757,0.0000769,0.016,0.0167,3.22,3.18,0,0,2.78,2.9,0.00%,0.00%,0.00%,100.00%,100.00%,100.00%,84,89,86.5,
EPA18561_877737,10%,0.92,0.92,0.92,0.93,0.92,0.92,0.0211,0.023,0.0024,0.00284,0.0152,0.0148,3.03,3.31,0.296,0.359,2.17,2.11,13.60%,17.00%,15.30%,86.40%,83.00%,84.70%,87.9,82,85,
EPA18561_877737,30%,0.92,0.92,0.92,0.92,0.92,0.92,0.0188,0.0209,0.000763,0.000936,0.0178,0.0171,3.04,3.42,0.112,0.142,2.85,2.73,3.92%,5.22%,4.57%,96.08%,94.78%,95.43%,100,86.6,93.3,
EPA18561_877737,100%,0.92,0.92,0.92,0.92,0.92,0.92,0.0211,0.0206,0.000286,0.000226,0.0194,0.0179,3.25,3.16,0.029,0.0199,2.97,2.75,0.98%,0.72%,0.85%,99.03%,99.28%,99.15%,93.1,87.9,90.5,
EPA18561_885239,10%,1.92,1.92,1.92,1.92,1.92,1.92,1.37,1.34,0.189,0.213,0.908,0.869,3.73,3.65,0.486,0.562,2.41,2.31,20.10%,24.40%,22.25%,79.90%,75.60%,77.75%,86.4,88.9,87.7,
EPA18561_885239,30%,1.89,1.89,1.89,1.89,1.89,1.89,1.45,1.39,0.15,0.146,1.25,1.25,3.16,3.03,0.299,0.289,2.7,2.7,11.10%,10.70%,10.90%,88.90%,89.30%,89.10%,100,100,100,
EPA18561_885239,100%,1.92,1.92,1.92,1.92,1.92,1.91,0.997,0.994,0.0506,0.0643,1.26,1.36,2.96,2.95,0.075,0.131,3.83,4.14,1.97%,3.16%,2.57%,98.03%,96.84%,97.44%,100,100,100,
EPA18561_885240,10%,1.74,1.80,1.75,1.75,1.80,1.80,5.273,5.003,0.175,0.173,4.642,4.287,25.679,24.33,0.076,0.071,22.52,20.746,0.30%,0.30%,0.30%,99.70%,99.70%,99.70%,88.2,85.8,87,
EPA18561_885240,30%,1.79,1.79,1.75,1.75,1.80,1.80,5.635,5.47,0.427,0.479,5.487,5.147,26.59,25.763,0.22,0.323,25.85,24.15,0.80%,1.30%,1.10%,99.20%,98.70%,98.90%,98.6,95.8,97.2,
EPA18561_885240,100%,1.79,1.79,1.75,1.75,1.79,1.79,5.44,4.986,1.285,1.318,5.764,5.375,22.363,20.091,0.635,0.701,23.985,22.035,2.60%,3.20%,2.90%,97.40%,96.80%,97.10%,100,100,100,
EPA18561_885241,10%,1.92,1.92,1.93,1.93,1.92,1.92,2.44,2.3,0.00601,0.00719,0.141,0.149,3.22,3.04,0.005,0.008,0.209,0.220,ND,ND,ND,ND,ND,ND,6.78,7.65,7.22,"poor recovery likely due to plasma instability, data not calculable"
EPA18561_885241,30%,1.89,1.89,1.92,1.89,1.90,1.90,1.38,1.28,0.00279,0.00296,0.0291,0.0338,2.42,2.23,0.000,0.000,0.110,0.118,ND,ND,ND,ND,ND,ND,2.36,2.92,2.64,"poor recovery likely due to plasma instability, data not calculable"
EPA18561_885241,100%,1.92,1.92,1.91,1.90,1.92,1.92,2.37,2.26,0.00101,0.00126,0.0418,0.0407,3.61,3.45,0.013,0.013,0.071,0.070,ND,ND,ND,ND,ND,ND,2.56,2.64,2.6,"poor recovery likely due to plasma instability, data not calculable"
EPA18561_885244,10%,0.48,0.48,0.49,0.48,0.48,0.49,0.0788,0.0789,0.0922,0.0969,0.039,0.038,0.39,0.39,0.18,0.19,0.20,0.19,94.30%,101.20%,97.80%,5.70%,-1.20%,2.20%,100,100,100,
EPA18561_885244,30%,0.49,0.49,0.48,0.49,0.48,0.48,0.0776,0.0855,0.0851,0.0862,0.036,0.037,0.39,0.427,0.17,0.172,0.18,0.183,94.50%,94.00%,94.30%,5.50%,6.00%,5.70%,100,100,100,
EPA18561_885244,100%,0.48,0.48,0.49,0.49,0.49,0.49,0.0796,0.0779,0.0864,0.0877,0.039,0.042,0.389,0.398,0.172,0.175,0.192,0.211,89.70%,83.00%,86.40%,10.30%,17.00%,13.60%,100,100,100,
EPA18561_885245,10%,2.06,2.06,2.06,2.06,2.06,2.06,0.12,0.115,0,0,0.111,0.106,3.3,3.19,0.0,0.0,3.080,2.930,0.00%,0.00%,0.00%,100.00%,100.00%,100.00%,91.7,90.4,91,
EPA18561_885245,30%,2.03,2.03,2.02,2.03,2.03,2.03,0.127,0.135,0,0,0.128,0.129,2.88,3.05,0.0,0.0,2.890,2.930,0.00%,0.00%,0.00%,100.00%,100.00%,100.00%,100,95.6,97.8,
EPA18561_885245,100%,2.06,2.06,2.03,2.05,2.06,2.06,0.013,0.0137,0.00000255,0,0.0112,0.0116,6.63,7.02,0.0,0.0,5.610,5.780,0.00%,0.00%,0.00%,100.00%,100.00%,100.00%,84.2,81.8,83,
EPA18561_885246,10%,1.58,1.58,1.58,1.58,1.57,1.58,0.562,0.56,0.0168,0.0195,0.0077,0.00698,0.859,0.856,0.010,0.014,0.004,0.003,ND,ND,ND,ND,ND,ND,2.45,2.95,2.7,"poor recovery likely due to plasma instability, data not calculable"
EPA18561_885246,30%,1.56,1.56,1.57,1.55,1.57,1.57,0.269,0.295,0.00563,0.00384,0.00218,0.00432,0.569,0.623,0.000,0.000,0.006,0.010,ND,ND,ND,ND,ND,ND,-0.276,-0.348,-0.312,"poor recovery likely due to plasma instability, data not calculable"
EPA18561_885246,100%,1.58,1.58,1.59,1.58,1.58,1.57,1.68,1.5,0.00232,0.00175,0.00282,0.00257,2.75,2.45,0.011,0.010,0.032,0.032,ND,ND,ND,ND,ND,ND,1.81,1.97,1.89,"poor recovery likely due to plasma instability, data not calculable"
propranolol,10%,0.80,0.80,0.80,0.80,0.80,0.80,0.299,0.293,0.0559,0.072,0.144,0.143,3.34,3.28,0.617,0.793,1.54,1.52,40.00%,52.10%,46.05%,60.00%,47.90%,53.95%,76.8,86.7,81.8,
propranolol,10%,1.05,1.04,1.05,1.05,1.05,1.05,0.241,0.227,0.0574,0.062,0.12,0.114,3.4,3.2,0.870,0.941,1.66,1.57,52.40%,59.80%,56.10%,47.60%,40.20%,43.90%,91.3,98.2,94.8,
propranolol,10%,1.03,1.02,1.02,1.03,1.02,1.02,0.413,0.412,0.112,0.121,0.23,0.232,3.39,3.38,0.885,0.956,1.82,1.84,48.60%,52.10%,50.35%,51.40%,47.90%,49.65%,97.3,102,99.4,
propranolol,10%,1.18,1.19,1.13,1.18,1.19,1.18,4.66,4.186,3.353,3.329,1.986,2.06,23.291,20.922,6.703,6.656,9.921,10.291,67.56%,64.65%,66.11%,32.44%,35.35%,33.89%,90.6,102.2,96.4,
propranolol,10%,1.31,1.31,1.31,1.31,1.31,1.31,0.586,0.593,0.454,0.463,0.378,0.370,2.927,2.962,0.908,0.925,1.886,1.847,48.1%,50.0%,49.1%,51.9%,50.0%,50.9%,100,100,100,
propranolol,30%,0.99,0.99,0.99,0.99,0.99,0.99,0.226,0.231,0.0457,0.0443,0.155,0.153,3.22,3.31,0.629,0.609,2.1,2.07,30.00%,29.40%,29.70%,70.00%,70.60%,70.30%,97.7,93.3,95.5,
propranolol,30%,0.81,0.81,0.81,0.81,0.81,0.81,0.334,0.343,0.0484,0.0713,0.227,0.217,3.58,3.7,0.478,0.71,2.26,2.15,21.10%,33.00%,27.05%,78.90%,67.00%,72.95%,85.6,90,87.8,
propranolol,30%,0.80,0.80,0.80,0.80,0.80,0.80,0.429,0.423,0.066,0.0898,0.279,0.273,3.17,3.13,0.451,0.614,1.99,1.95,22.70%,31.50%,27.10%,77.30%,68.50%,72.90%,86.5,95.2,90.8,
propranolol,30%,1.18,1.18,1.18,1.18,1.18,1.18,5.909,5.354,3.221,3.172,3.131,3.093,29.54,26.765,6.44,6.344,15.651,15.463,41.10%,41.00%,41.05%,58.90%,59.00%,58.95%,89.3,97.3,93.3,
propranolol,30%,1.31,1.31,1.31,1.31,1.31,1.31,0.729,0.708,0.298,0.310,0.632,0.647,3.642,3.537,0.594,0.620,3.155,3.232,18.8%,19.2%,19.0%,81.2%,80.8%,81.0%,100,100,100,
propranolol,100%,1.05,1.05,1.04,1.04,1.04,1.05,0.183,0.179,0.0233,0.0225,0.184,0.191,2.75,2.7,0.338,0.327,2.77,2.86,12.20%,11.40%,11.80%,87.80%,88.60%,88.20%,100,100,100,
propranolol,100%,0.80,0.80,0.80,0.80,0.80,0.80,0.486,0.472,0.0239,0.0342,0.37,0.366,3.68,3.55,0.127,0.183,2.67,2.63,4.75%,6.93%,5.84%,95.25%,93.07%,94.16%,78.2,82.9,80.5,
propranolol,100%,0.80,0.80,0.80,0.80,0.80,0.80,0.369,0.34,0.0323,0.0244,0.366,0.35,2.96,2.71,0.188,0.14,2.94,2.79,6.41%,5.03%,5.72%,93.59%,94.97%,94.28%,100,100,100,
propranolol,100%,1.18,1.18,1.18,1.18,1.18,1.18,5.995,6.112,1.537,1.653,4.83,4.513,29.959,30.545,3.069,3.301,24.136,22.553,12.70%,14.60%,13.65%,87.30%,85.40%,86.35%,97.6,91.8,94.7,
propranolol,100%,1.31,1.31,1.31,1.31,1.31,1.31,0.962,0.970,0.109,0.108,0.948,1.084,4.808,4.847,0.216,0.214,4.739,5.416,4.6%,4.0%,4.3%,95.4%,96.0%,95.7%,100,100,100,
warfarin,10%,1.10,1.10,1.10,1.10,1.10,1.10,0.171,0.192,0.0116,0.0191,0.165,0.152,3.18,3.62,0.209,0.348,3.05,2.77,6.85%,12.60%,9.73%,93.15%,87.40%,90.28%,107,92.6,99.8,
warfarin,10%,1.57,1.57,1.57,1.57,1.56,1.57,0.122,0.121,0.00965,0.00944,0.104,0.105,3.04,3.02,0.229,0.224,2.59,2.62,8.85%,8.58%,8.72%,91.15%,91.42%,91.29%,98,99,98.5,
warfarin,10%,1.57,1.57,1.57,1.57,1.57,1.57,0.216,0.218,0.0155,0.0111,0.178,0.185,3.19,3.23,0.236,0.165,2.64,2.74,8.96%,6.02%,7.49%,91.04%,93.98%,92.51%,94.9,93.5,94.2,
warfarin,10%,1.56,1.56,1.56,1.56,1.56,1.56,1.744,1.695,0.36,0.382,1.227,1.333,8.717,8.471,0.719,0.764,6.131,6.66,11.70%,11.50%,11.60%,88.30%,88.50%,88.40%,84.1,93.7,88.9,
warfarin,10%,1.66,1.65,1.65,1.65,1.65,1.65,0.289,0.289,0.083,0.083,0.305,0.277,1.445,1.441,0.165,0.165,1.523,1.382,10.8%,11.9%,11.4%,89.2%,88.1%,88.6%,100,100,100,
warfarin,30%,1.55,1.55,1.55,1.55,1.55,1.55,0.146,0.147,0.00265,0.00336,0.147,0.142,3.48,3.52,0.0519,0.0666,3.53,3.38,1.47%,1.97%,1.72%,98.53%,98.03%,98.28%,104,99.1,101,
warfarin,30%,1.10,1.10,1.10,1.10,1.10,1.10,0.203,0.211,0.00352,0.00571,0.132,0.188,3.83,4.01,0.0564,0.0888,2.31,3.49,2.45%,2.54%,2.50%,97.55%,97.46%,97.51%,62.7,90.7,76.7,
warfarin,30%,1.09,1.10,1.10,1.10,1.10,1.09,0.281,0.279,0.00415,0.00377,0.241,0.24,3.41,3.38,0.0445,0.0397,2.92,2.91,1.52%,1.36%,1.44%,98.48%,98.64%,98.56%,87.9,88.2,88,
warfarin,30%,1.56,1.56,1.56,1.56,1.56,1.56,1.946,1.997,0.081,0.068,1.877,1.757,9.727,9.981,0.16,0.134,9.38,8.781,1.70%,1.50%,1.60%,98.30%,98.50%,98.40%,99.2,90.2,94.7,
warfarin,30%,1.66,1.65,1.66,1.65,1.65,1.65,0.337,0.329,0.021,0.025,0.411,0.370,1.681,1.643,0.042,0.048,2.055,1.850,2.1%,2.6%,2.3%,97.9%,97.4%,97.7%,100,100,100,
warfarin,100%,1.56,1.56,1.56,1.55,1.56,1.56,0.126,0.124,0.000326,0.000444,0.112,0.12,3.31,3.27,0.0037,0.00671,2.97,3.17,0.13%,0.21%,0.17%,99.88%,99.79%,99.83%,89.8,97.4,93.6,
warfarin,100%,1.10,1.10,1.10,1.10,1.10,1.10,0.186,0.188,0.000724,0.00093,0.156,0.186,3.15,3.18,0.0206,0.024,2.62,3.15,0.79%,0.76%,0.77%,99.21%,99.24%,99.23%,84.3,100,92.3,
warfarin,100%,1.10,1.09,1.10,1.09,1.10,1.09,0.274,0.264,0.00072,0.000946,0.212,0.228,3.51,3.38,0.00725,0.00992,2.75,2.94,0.26%,0.34%,0.30%,99.74%,99.66%,99.70%,78.6,87.4,83,
warfarin,100%,1.55,1.55,1.56,1.56,1.55,1.55,2.544,2.593,0.027,0.025,2.489,2.401,12.713,12.96,0.053,0.049,12.44,12.002,0.40%,0.40%,0.40%,99.60%,99.60%,99.60%,98.5,93.2,95.9,
warfarin,100%,1.66,1.66,1.65,1.66,1.66,1.66,0.454,0.482,0.008,0.010,0.502,0.551,2.267,2.409,0.015,0.020,2.510,2.755,0.6%,0.7%,0.7%,99.4%,99.3%,99.3%,100,100,100,
,,,,,,,,,,,,,,,,,,,,,,,,,,,,,
